section924x624.png	blurry	26.317646312603557	0.8596360004928553	0.19696154968640328	0.6030097359961881
section924x624.png	noisy&blurred	18.9545808915287	0.3506821529493204	0.08774344090790133	0.4890704316638952
section924x624.png	restore_lr_low	24.85330953230538	0.6984449763492321	0.15620854354845776	0.5587325260547231
section924x624.png	restore_lr_mid	22.77008848203279	0.5923606334203634	0.1289193184635353	0.5786815954694203
section924x624.png	restore_lr_high	19.27725023121337	0.4124278179275034	0.09787969479106438	0.5402871632187278
cytoplasm924x624.png	blurry	28.17450118748522	0.8141777492210729	0.18863217929679152	0.6609720935078873
cytoplasm924x624.png	noisy&blurred	19.390606127897478	0.23851530645719637	0.06715149884757256	0.30068522619651433
cytoplasm924x624.png	restore_lr_low	24.954372054465907	0.4927110824164395	0.13113520113917296	0.4399048961342537
cytoplasm924x624.png	restore_lr_mid	22.805079754024025	0.41839448627898546	0.10449872420225637	0.3507977585226062
cytoplasm924x624.png	restore_lr_high	19.38513723061655	0.2874022415732509	0.0793997819703411	0.022710091553445656
bird1423x1422.png	blurry	19.895689855780546	0.7387945635764086	0.1997287850334336	0.1897178522697168
bird1423x1422.png	noisy&blurred	16.75385450950944	0.28990171846617613	0.08496487096668369	0.21253446367470674
bird1423x1422.png	restore_lr_low	19.519115502521984	0.6366072638890274	0.13351138951846014	0.18094608958906944
bird1423x1422.png	restore_lr_mid	19.118647137338748	0.5364888335544389	0.11569336926958276	0.17656000430193478
bird1423x1422.png	restore_lr_high	17.615735204310276	0.38331202609225273	0.09220329780154668	0.16277939000696004
vesicules924x924.png	blurry	23.904341078606922	0.8744165125116373	0.19896034241147234	0.4798720375885016
vesicules924x924.png	noisy&blurred	18.534123924898875	0.3232385793628336	0.08134801734454292	0.43227768771556874
vesicules924x924.png	restore_lr_low	23.84333645403838	0.5984115335010972	0.14566685205408583	0.5316582507789258
vesicules924x924.png	restore_lr_mid	22.452862701621456	0.5341601098898532	0.12211839752438541	0.5489454322401067
vesicules924x924.png	restore_lr_high	19.357168400387607	0.40632806591396103	0.09588388180653015	0.5176679793771825
scafoldings1536x1024.png	blurry	17.581676969061302	0.5379121487657271	0.09231877603286055	0.15764300078260815
scafoldings1536x1024.png	noisy&blurred	15.42968475639029	0.29223716541430383	0.05327863185438142	0.11572509666807763
scafoldings1536x1024.png	restore_lr_low	17.79170202956395	0.5288964461208059	0.08497480184554397	0.09781370897331905
scafoldings1536x1024.png	restore_lr_mid	17.649594020897073	0.5031425132252264	0.07964998674972601	0.08685704025111032
scafoldings1536x1024.png	restore_lr_high	16.46616973868836	0.4179702943876093	0.06644481736049852	0.06940620901717559
nucleidots924x624.png	blurry	23.329141280888557	0.7739192453116944	0.18486069851247905	0.28864771179752485
nucleidots924x624.png	noisy&blurred	18.31649747005245	0.29199836255681744	0.09326422429528078	0.03179851832148828
nucleidots924x624.png	restore_lr_low	22.90075121886772	0.5107900219461446	0.15389366040949243	0.13195789817690004
nucleidots924x624.png	restore_lr_mid	21.840610694744367	0.48410920592276535	0.13578580936139206	0.12162151235518204
nucleidots924x624.png	restore_lr_high	19.099478603449157	0.39420285934387683	0.10909659393950538	0.1269008922479317
mitochondria1024x1024.png	blurry	21.904491044321198	0.8325683047941415	0.1259936697472811	0.3435509849602474
mitochondria1024x1024.png	noisy&blurred	17.882666100015967	0.3541643258850046	0.050461542285667564	0.061752586683041163
mitochondria1024x1024.png	restore_lr_low	21.99937874732798	0.7285512182596623	0.0862518806572648	0.3403813110531048
mitochondria1024x1024.png	restore_lr_mid	21.400218558296913	0.6254612248558117	0.07360094268192004	0.3412730202023423
mitochondria1024x1024.png	restore_lr_high	18.835176811246246	0.4493408969009124	0.057600358735892254	0.09910827778914817
characters875x1355.png	blurry	16.633142876344277	0.7521918401712894	0.129916663580363	0.30285100619757876
characters875x1355.png	noisy&blurred	15.05969155475453	0.16579153662879448	0.07055076856705929	0.1472122506231981
characters875x1355.png	restore_lr_low	17.39244861375605	0.28154882890522953	0.0856644231991531	0.18176180072315468
characters875x1355.png	restore_lr_mid	17.776595278526326	0.2943330477824157	0.08235134708293264	0.20432254016371085
characters875x1355.png	restore_lr_high	17.119256366163707	0.2842510711630988	0.07842248942389293	0.07055115079967551
nuclei924x624.png	blurry	25.689724793015543	0.7812243317701659	0.17686360005215285	0.6333331257955804
nuclei924x624.png	noisy&blurred	18.65951216046571	0.3158309000604381	0.07582545326710376	0.5977209297624926
nuclei924x624.png	restore_lr_low	24.617349813265026	0.703867519032802	0.1466032227340741	0.6538311546726028
nuclei924x624.png	restore_lr_mid	22.751020706212945	0.5877633499864439	0.12098677893344062	0.6179497915791199
nuclei924x624.png	restore_lr_high	19.2179470791189	0.38967291136949883	0.08645728015905081	0.5604723002164932
extensions924x624.png	blurry	29.76083835395127	0.9034358574989467	0.22624315949412996	0.38512899446097626
extensions924x624.png	noisy&blurred	19.52278257810335	0.3022474455584824	0.07287301552091043	0.04649974403513591
extensions924x624.png	restore_lr_low	26.28103189161857	0.6434291752937301	0.15880453772185782	0.14106490516148734
extensions924x624.png	restore_lr_mid	23.647212298478458	0.5417146291872419	0.12233335250048101	0.104802157901064
extensions924x624.png	restore_lr_high	19.69232155490093	0.36670506950483356	0.08859455816266666	0.15997847487096353
membrane924x924.png	blurry	22.988832549403085	0.8448763305043625	0.14163832376860389	0.28992184533526955
membrane924x924.png	noisy&blurred	18.1169758011761	0.3373051298095764	0.042542333298380884	0.027782659073035714
membrane924x924.png	restore_lr_low	23.394878123404187	0.7428941618723314	0.09543261825923244	0.3871740418047106
membrane924x924.png	restore_lr_mid	22.375253897261675	0.6123608115183016	0.07516818911854932	0.2961360715290272
membrane924x924.png	restore_lr_high	19.140160732591358	0.4111934845172901	0.05454070070581447	0.08941431759169634
fishembryo700x700.png	blurry	29.989314926215997	0.9618785314838334	0.256069778039526	0.6362588910862298
fishembryo700x700.png	noisy&blurred	19.740026572270214	0.3671650008620804	0.0651874330605782	0.5610505596125361
fishembryo700x700.png	restore_lr_low	27.012885181489033	0.7511152920703272	0.12969160563553475	0.6021636081988309
fishembryo700x700.png	restore_lr_mid	23.966297006337406	0.6157764412615553	0.09856060369227868	0.5330900719428203
fishembryo700x700.png	restore_lr_high	19.854583651997476	0.41421346403156806	0.07284101222259545	0.4824438886974489
map2592x1728.png	blurry	20.839880608634218	0.7269837352163178	0.12990168584518846	0.7344627062576168
map2592x1728.png	noisy&blurred	17.047743187189276	0.3956511018304521	0.06293231009267301	0.025074234214254563
map2592x1728.png	restore_lr_low	20.895583315476543	0.6937071886667943	0.11332995125380937	0.02205844065075063
map2592x1728.png	restore_lr_mid	20.4090232156601	0.6442049218769532	0.10200008138372976	0.03188504687306202
map2592x1728.png	restore_lr_high	18.362740629960754	0.5194904453640549	0.07797099572530107	0.0890554525203946
usaf768x812.png	blurry	18.230550965270904	0.7902174048674899	0.2400240023498411	0.41459846490621927
usaf768x812.png	noisy&blurred	16.097264374576778	0.2215565814019222	0.13257769621579382	0.10280797486687804
usaf768x812.png	restore_lr_low	18.984505861786563	0.3525275904393775	0.1530150944253372	0.3898810386218113
usaf768x812.png	restore_lr_mid	19.161074808783972	0.3478647939271127	0.146673133548937	0.47105429714259933
usaf768x812.png	restore_lr_high	18.15136341290959	0.32022598356282733	0.13850498158673882	0.34149194242755915
newyork1024x1024.png	blurry	17.81371837861765	0.5499935718661424	0.09861241278820562	0.23512280235041133
newyork1024x1024.png	noisy&blurred	15.598981832608718	0.23912063800671363	0.044075204291268565	0.0640088661731265
newyork1024x1024.png	restore_lr_low	17.744552214520418	0.49847292842982693	0.07768315041064862	0.06462042800609816
newyork1024x1024.png	restore_lr_mid	17.477697360302333	0.43646023149255664	0.06792247517878969	0.06503599206950585
newyork1024x1024.png	restore_lr_high	16.25148662342621	0.3247723228889779	0.05356710090346701	0.05704197469560386
drosophilaslice532x1352.png	blurry	29.73213929428227	0.944411116053228	0.30235279047559876	0.6172463847921836
drosophilaslice532x1352.png	noisy&blurred	19.502425792412325	0.24394888227153125	0.09358110299675597	0.010539681239424711
drosophilaslice532x1352.png	restore_lr_low	26.234265174688275	0.5711145524858616	0.17527949616657484	0.06659824396276899
drosophilaslice532x1352.png	restore_lr_mid	23.641518169925032	0.45885793838710154	0.14066375968084072	0.18855667858350386
drosophilaslice532x1352.png	restore_lr_high	19.850285418365562	0.298428968143052	0.10615428245734988	0.30696138837407894
cells1024x1024.png	blurry	26.26753742104709	0.6949389525770943	0.21502569534436233	0.6965349852813536
cells1024x1024.png	noisy&blurred	18.710680532385133	0.26970198333055334	0.0973107078266152	0.37251426991938763
cells1024x1024.png	restore_lr_low	24.298954660996984	0.6019873220788501	0.1753079209268779	0.3551056515914997
cells1024x1024.png	restore_lr_mid	22.306193561033524	0.48922655248647734	0.14335299004708887	0.34287025167988416
cells1024x1024.png	restore_lr_high	18.966075332880386	0.3088385768722946	0.10211620295255723	0.32300933332877063
fibsem1910x1910.png	blurry	18.533512838154415	0.5817976176399607	0.09369914334036468	0.10809970295681177
fibsem1910x1910.png	noisy&blurred	15.933996185978854	0.38649866041260644	0.054533065787838925	0.12869630490252695
fibsem1910x1910.png	restore_lr_low	19.002736647348705	0.6107862954876108	0.09317002257731764	0.14809016503404437
fibsem1910x1910.png	restore_lr_mid	18.916567261827137	0.6145529253430613	0.09036170656818773	0.15276114551615122
fibsem1910x1910.png	restore_lr_high	17.482675728847074	0.5459039777538074	0.07446657046948352	0.15353275427064703
andromeda1024x1024.png	blurry	21.557187811558514	0.7018742676872686	0.15984025434469346	0.056373592614636696
andromeda1024x1024.png	noisy&blurred	17.620930864711852	0.25168408357197014	0.04578800463923885	0.030558327869027308
andromeda1024x1024.png	restore_lr_low	21.229346566526143	0.6100682647101973	0.09227760653245126	0.026754090105950444
andromeda1024x1024.png	restore_lr_mid	20.44125413186272	0.49734511662184416	0.07129954423724118	0.0237876661494805
andromeda1024x1024.png	restore_lr_high	18.11095183043706	0.32488735459025303	0.050783154375564174	0.004148400080985937
roofs2136x1424.png	blurry	20.014012946263033	0.6895107387608045	0.12925265533781058	0.19362375863178194
roofs2136x1424.png	noisy&blurred	16.722632390001678	0.32783218620798743	0.06719546564001402	0.024121278927267082
roofs2136x1424.png	restore_lr_low	20.094767033265015	0.6441051217477213	0.11216764832910679	0.02566503979068511
roofs2136x1424.png	restore_lr_mid	19.674731450892125	0.5770409226425425	0.1018171101462843	0.02569995936541902
roofs2136x1424.png	restore_lr_high	17.874440077289606	0.4436933179409569	0.0812616055818719	0.027336054650184658
tubules1024x1024.png	blurry	24.802835784797917	0.7434323382723158	0.12136525157827005	0.13966836262520235
tubules1024x1024.png	noisy&blurred	18.597305139168213	0.297021086380674	0.043186455758519496	0.009129617247100166
tubules1024x1024.png	restore_lr_low	23.796235124800702	0.6609509297586462	0.09106431980875516	0.019777323978219637
tubules1024x1024.png	restore_lr_mid	22.25897767431931	0.552616420875596	0.07267036393114443	0.01217535696914037
tubules1024x1024.png	restore_lr_high	18.974226824750613	0.3676407123467496	0.05157255630090342	0.020491182258617492
neurons768x768.png	blurry	23.862315352694168	0.7522722638205364	0.1371058997315807	0.2849721105019405
neurons768x768.png	noisy&blurred	18.70495206107004	0.22550695113914876	0.018947069684966816	0.09529489781573919
neurons768x768.png	restore_lr_low	22.62031837675551	0.48778430974355086	0.056001772016016506	0.1821986581843325
neurons768x768.png	restore_lr_mid	21.40498223534741	0.405358121335203	0.03960484244038627	0.16927239720865556
neurons768x768.png	restore_lr_high	18.74723262103076	0.27312974483760716	0.030414881103507613	0.03876753591777801
section924x624.png	blurry	26.317646312603557	0.8596360004928553	0.19696154968640328	0.6030097359961881
section924x624.png	noisy&blurred	18.9545808915287	0.3506821529493204	0.08774344090790133	0.4890704316638952
section924x624.png	restore_ssi	24.33472766120576	0.7148755351539339	0.17866379349508615	0.3691882654543138
cytoplasm924x624.png	blurry	28.17450118748522	0.8141777492210729	0.18863217929679152	0.6609720935078873
cytoplasm924x624.png	noisy&blurred	19.390606127897478	0.23851530645719637	0.06715149884757256	0.30068522619651433
cytoplasm924x624.png	restore_ssi	25.05800421480933	0.4986082115881667	0.15848110989233125	0.1873945296527412
bird1423x1422.png	blurry	19.895689855780546	0.7387945635764086	0.1997287850334336	0.1897178522697168
bird1423x1422.png	noisy&blurred	16.75385450950944	0.28990171846617613	0.08496487096668369	0.21253446367470674
bird1423x1422.png	restore_ssi	18.66356777034135	0.544404301716416	0.11391270173299423	0.2348150720196901
vesicules924x924.png	blurry	23.904341078606922	0.8744165125116373	0.19896034241147234	0.4798720375885016
vesicules924x924.png	noisy&blurred	18.534123924898875	0.3232385793628336	0.08134801734454292	0.43227768771556874
vesicules924x924.png	restore_ssi	23.45102218599368	0.5913372739145868	0.16539820396529079	0.3941012991906163
scafoldings1536x1024.png	blurry	17.581676969061302	0.5379121487657271	0.09231877603286055	0.15764300078260815
scafoldings1536x1024.png	noisy&blurred	15.42968475639029	0.29223716541430383	0.05327863185438142	0.11572509666807763
scafoldings1536x1024.png	restore_ssi	17.762433221943304	0.5396959668127688	0.08406158626311078	0.05169856829749519
nucleidots924x624.png	blurry	23.329141280888557	0.7739192453116944	0.18486069851247905	0.28864771179752485
nucleidots924x624.png	noisy&blurred	18.31649747005245	0.29199836255681744	0.09326422429528078	0.03179851832148828
nucleidots924x624.png	restore_ssi	22.093151710367277	0.4955672298659849	0.1514786503312942	0.1670156387753085
mitochondria1024x1024.png	blurry	21.904491044321198	0.8325683047941415	0.1259936697472811	0.3435509849602474
mitochondria1024x1024.png	noisy&blurred	17.882666100015967	0.3541643258850046	0.050461542285667564	0.061752586683041163
mitochondria1024x1024.png	restore_ssi	22.00676006569453	0.7446167577538813	0.08625874239002784	0.48915283937148285
characters875x1355.png	blurry	16.633142876344277	0.7521918401712894	0.129916663580363	0.30285100619757876
characters875x1355.png	noisy&blurred	15.05969155475453	0.16579153662879448	0.07055076856705929	0.1472122506231981
characters875x1355.png	restore_ssi	19.54295844937372	0.33559358180538806	0.15166911407286499	0.3515971207887402
nuclei924x624.png	blurry	25.689724793015543	0.7812243317701659	0.17686360005215285	0.6333331257955804
nuclei924x624.png	noisy&blurred	18.65951216046571	0.3158309000604381	0.07582545326710376	0.5977209297624926
nuclei924x624.png	restore_ssi	24.77281208262994	0.7349265248065957	0.15726611259702936	0.48808868891199436
extensions924x624.png	blurry	29.76083835395127	0.9034358574989467	0.22624315949412996	0.38512899446097626
extensions924x624.png	noisy&blurred	19.52278257810335	0.3022474455584824	0.07287301552091043	0.04649974403513591
extensions924x624.png	restore_ssi	26.05290763662336	0.6353755050924901	0.1796233245774635	0.3163374901573022
membrane924x924.png	blurry	22.988832549403085	0.8448763305043625	0.14163832376860389	0.28992184533526955
membrane924x924.png	noisy&blurred	18.1169758011761	0.3373051298095764	0.042542333298380884	0.027782659073035714
membrane924x924.png	restore_ssi	23.748692228526494	0.8092241814910858	0.12069902563383521	0.334012613073961
fishembryo700x700.png	blurry	29.989314926215997	0.9618785314838334	0.256069778039526	0.6362588910862298
fishembryo700x700.png	noisy&blurred	19.740026572270214	0.3671650008620804	0.0651874330605782	0.5610505596125361
fishembryo700x700.png	restore_ssi	28.207754873198155	0.8150423965698154	0.20440881020142868	0.6724642352829715
map2592x1728.png	blurry	20.839880608634218	0.7269837352163178	0.12990168584518846	0.7344627062576168
map2592x1728.png	noisy&blurred	17.047743187189276	0.3956511018304521	0.06293231009267301	0.025074234214254563
map2592x1728.png	restore_ssi	20.89493529056464	0.6946480843034945	0.11286260924738994	0.0017192038846194984
usaf768x812.png	blurry	18.230550965270904	0.7902174048674899	0.2400240023498411	0.41459846490621927
usaf768x812.png	noisy&blurred	16.097264374576778	0.2215565814019222	0.13257769621579382	0.10280797486687804
usaf768x812.png	restore_ssi	22.700770767747137	0.4220602898474612	0.24584572321585715	0.5083652925866495
newyork1024x1024.png	blurry	17.81371837861765	0.5499935718661424	0.09861241278820562	0.23512280235041133
newyork1024x1024.png	noisy&blurred	15.598981832608718	0.23912063800671363	0.044075204291268565	0.0640088661731265
newyork1024x1024.png	restore_ssi	17.432894015278364	0.49546254316649563	0.08114420344720698	0.09164497367756921
drosophilaslice532x1352.png	blurry	29.73213929428227	0.944411116053228	0.30235279047559876	0.6172463847921836
drosophilaslice532x1352.png	noisy&blurred	19.502425792412325	0.24394888227153125	0.09358110299675597	0.010539681239424711
drosophilaslice532x1352.png	restore_ssi	26.6555800980376	0.6119434267104779	0.20358716030231708	0.20143596248078832
cells1024x1024.png	blurry	26.26753742104709	0.6949389525770943	0.21502569534436233	0.6965349852813536
cells1024x1024.png	noisy&blurred	18.710680532385133	0.26970198333055334	0.0973107078266152	0.37251426991938763
cells1024x1024.png	restore_ssi	25.00679327353197	0.6527687708566196	0.19942264479533398	0.638697191127874
fibsem1910x1910.png	blurry	18.533512838154415	0.5817976176399607	0.09369914334036468	0.10809970295681177
fibsem1910x1910.png	noisy&blurred	15.933996185978854	0.38649866041260644	0.054533065787838925	0.12869630490252695
fibsem1910x1910.png	restore_ssi	19.05386340770577	0.6379488112257502	0.09282440366559558	0.16200112808189424
andromeda1024x1024.png	blurry	21.557187811558514	0.7018742676872686	0.15984025434469346	0.056373592614636696
andromeda1024x1024.png	noisy&blurred	17.620930864711852	0.25168408357197014	0.04578800463923885	0.030558327869027308
andromeda1024x1024.png	restore_ssi	21.15233649530387	0.6298594102230181	0.10520692212799633	0.058268650586284366
roofs2136x1424.png	blurry	20.014012946263033	0.6895107387608045	0.12925265533781058	0.19362375863178194
roofs2136x1424.png	noisy&blurred	16.722632390001678	0.32783218620798743	0.06719546564001402	0.024121278927267082
roofs2136x1424.png	restore_ssi	20.218895061496255	0.6590742529730245	0.11570567780669445	0.016439169824352368
tubules1024x1024.png	blurry	24.802835784797917	0.7434323382723158	0.12136525157827005	0.13966836262520235
tubules1024x1024.png	noisy&blurred	18.597305139168213	0.297021086380674	0.043186455758519496	0.009129617247100166
tubules1024x1024.png	restore_ssi	23.903951437501085	0.7024497243922943	0.1058411801093923	0.21556563398747872
neurons768x768.png	blurry	23.862315352694168	0.7522722638205364	0.1371058997315807	0.2849721105019405
neurons768x768.png	noisy&blurred	18.70495206107004	0.22550695113914876	0.018947069684966816	0.09529489781573919
neurons768x768.png	restore_ssi	22.58134125789895	0.48797755471168347	0.09113456123683206	0.05061634837429356
section924x624.png	blurry	26.317646312603557	0.8596360004928553	0.19696154968640328	0.6030097359961881
section924x624.png	noisy&blurred	18.9545808915287	0.3506821529493204	0.08774344090790133	0.4890704316638952
section924x624.png	restore_dl	14.44234658965069	0.2683471571676156	0.0562040021715701	0.1942610752341771
cytoplasm924x624.png	blurry	28.17450118748522	0.8141777492210729	0.18863217929679152	0.6609720935078873
cytoplasm924x624.png	noisy&blurred	19.390606127897478	0.23851530645719637	0.06715149884757256	0.30068522619651433
cytoplasm924x624.png	restore_dl	23.36682437015608	0.4400137734998631	0.10559697707459043	0.38101950097415604
bird1423x1422.png	blurry	19.895689855780546	0.7387945635764086	0.1997287850334336	0.1897178522697168
bird1423x1422.png	noisy&blurred	16.75385450950944	0.28990171846617613	0.08496487096668369	0.21253446367470674
bird1423x1422.png	restore_dl	13.083275669354325	0.25587779771355534	0.051555928686563196	0.09739854960780046
vesicules924x924.png	blurry	23.904341078606922	0.8744165125116373	0.19896034241147234	0.4798720375885016
vesicules924x924.png	noisy&blurred	18.534123924898875	0.3232385793628336	0.08134801734454292	0.43227768771556874
vesicules924x924.png	restore_dl	15.951171544288524	0.2921279218725506	0.05709300885003392	0.23715786675374298
scafoldings1536x1024.png	blurry	17.581676969061302	0.5379121487657271	0.09231877603286055	0.15764300078260815
scafoldings1536x1024.png	noisy&blurred	15.42968475639029	0.29223716541430383	0.05327863185438142	0.11572509666807763
scafoldings1536x1024.png	restore_dl	17.212106393290718	0.47567409400528465	0.07171125176428789	0.0888040237292322
nucleidots924x624.png	blurry	23.329141280888557	0.7739192453116944	0.18486069851247905	0.28864771179752485
nucleidots924x624.png	noisy&blurred	18.31649747005245	0.29199836255681744	0.09326422429528078	0.03179851832148828
nucleidots924x624.png	restore_dl	15.398620233139086	0.27775054608729843	0.06058817735811791	0.05369021651245086
mitochondria1024x1024.png	blurry	21.904491044321198	0.8325683047941415	0.1259936697472811	0.3435509849602474
mitochondria1024x1024.png	noisy&blurred	17.882666100015967	0.3541643258850046	0.050461542285667564	0.061752586683041163
mitochondria1024x1024.png	restore_dl	15.834751332665014	0.3126313340514163	0.03651337779739333	0.039662314153694714
characters875x1355.png	blurry	16.633142876344277	0.7521918401712894	0.129916663580363	0.30285100619757876
characters875x1355.png	noisy&blurred	15.05969155475453	0.16579153662879448	0.07055076856705929	0.1472122506231981
characters875x1355.png	restore_dl	19.31397265664995	0.35628048926510686	0.09216218737437319	0.3917140468087641
nuclei924x624.png	blurry	25.689724793015543	0.7812243317701659	0.17686360005215285	0.6333331257955804
nuclei924x624.png	noisy&blurred	18.65951216046571	0.3158309000604381	0.07582545326710376	0.5977209297624926
nuclei924x624.png	restore_dl	13.694250505348045	0.2702665350532732	0.04489067324385205	0.11700953769629505
extensions924x624.png	blurry	29.76083835395127	0.9034358574989467	0.22624315949412996	0.38512899446097626
extensions924x624.png	noisy&blurred	19.52278257810335	0.3022474455584824	0.07287301552091043	0.04649974403513591
extensions924x624.png	restore_dl	13.441161866400295	0.15557192091413555	0.03284206078670925	0.03180364607442111
membrane924x924.png	blurry	22.988832549403085	0.8448763305043625	0.14163832376860389	0.28992184533526955
membrane924x924.png	noisy&blurred	18.1169758011761	0.3373051298095764	0.042542333298380884	0.027782659073035714
membrane924x924.png	restore_dl	16.05768026731033	0.2799740210934328	0.03390029003119596	0.10116881581167185
fishembryo700x700.png	blurry	29.989314926215997	0.9618785314838334	0.256069778039526	0.6362588910862298
fishembryo700x700.png	noisy&blurred	19.740026572270214	0.3671650008620804	0.0651874330605782	0.5610505596125361
fishembryo700x700.png	restore_dl	24.864773507182495	0.6510639901529198	0.09677451058571837	0.08266940699683652
map2592x1728.png	blurry	20.839880608634218	0.7269837352163178	0.12990168584518846	0.7344627062576168
map2592x1728.png	noisy&blurred	17.047743187189276	0.3956511018304521	0.06293231009267301	0.025074234214254563
map2592x1728.png	restore_dl	20.31875220559103	0.6505752706182804	0.10122011370307413	0.01330234754529718
usaf768x812.png	blurry	18.230550965270904	0.7902174048674899	0.2400240023498411	0.41459846490621927
usaf768x812.png	noisy&blurred	16.097264374576778	0.2215565814019222	0.13257769621579382	0.10280797486687804
usaf768x812.png	restore_dl	22.17877246824336	0.4277310792130084	0.15556347797486778	0.08176688149118004
newyork1024x1024.png	blurry	17.81371837861765	0.5499935718661424	0.09861241278820562	0.23512280235041133
newyork1024x1024.png	noisy&blurred	15.598981832608718	0.23912063800671363	0.044075204291268565	0.0640088661731265
newyork1024x1024.png	restore_dl	11.796001092973095	0.24237478666208845	0.026899825924989813	0.060616147450012425
drosophilaslice532x1352.png	blurry	29.73213929428227	0.944411116053228	0.30235279047559876	0.6172463847921836
drosophilaslice532x1352.png	noisy&blurred	19.502425792412325	0.24394888227153125	0.09358110299675597	0.010539681239424711
drosophilaslice532x1352.png	restore_dl	24.772450465723136	0.5171011289142666	0.1615749036066932	0.3810186815718452
cells1024x1024.png	blurry	26.26753742104709	0.6949389525770943	0.21502569534436233	0.6965349852813536
cells1024x1024.png	noisy&blurred	18.710680532385133	0.26970198333055334	0.0973107078266152	0.37251426991938763
cells1024x1024.png	restore_dl	14.806472233661365	0.23411552729097398	0.0609707874267592	0.3632366449610183
fibsem1910x1910.png	blurry	18.533512838154415	0.5817976176399607	0.09369914334036468	0.10809970295681177
fibsem1910x1910.png	noisy&blurred	15.933996185978854	0.38649866041260644	0.054533065787838925	0.12869630490252695
fibsem1910x1910.png	restore_dl	18.36228748288918	0.6139313022549182	0.0845619914332294	0.1223153419542948
andromeda1024x1024.png	blurry	21.557187811558514	0.7018742676872686	0.15984025434469346	0.056373592614636696
andromeda1024x1024.png	noisy&blurred	17.620930864711852	0.25168408357197014	0.04578800463923885	0.030558327869027308
andromeda1024x1024.png	restore_dl	14.044409272399436	0.17532240287240053	0.024886050417863775	0.04893109811434372
roofs2136x1424.png	blurry	20.014012946263033	0.6895107387608045	0.12925265533781058	0.19362375863178194
roofs2136x1424.png	noisy&blurred	16.722632390001678	0.32783218620798743	0.06719546564001402	0.024121278927267082
roofs2136x1424.png	restore_dl	19.792466850212833	0.6173008729923783	0.10438781418727408	0.025220107951663392
tubules1024x1024.png	blurry	24.802835784797917	0.7434323382723158	0.12136525157827005	0.13966836262520235
tubules1024x1024.png	noisy&blurred	18.597305139168213	0.297021086380674	0.043186455758519496	0.009129617247100166
tubules1024x1024.png	restore_dl	23.493918636354877	0.6629253158399827	0.09131394738923647	0.029467683527871068
neurons768x768.png	blurry	23.862315352694168	0.7522722638205364	0.1371058997315807	0.2849721105019405
neurons768x768.png	noisy&blurred	18.70495206107004	0.22550695113914876	0.018947069684966816	0.09529489781573919
neurons768x768.png	restore_dl	17.464950128559583	0.21442678385843944	0.01752649155689563	0.046613353940874735
section924x624.png	blurry	26.317646312603557	0.8596360004928553	0.19696154968640328	0.6030097359961881
section924x624.png	noisy&blurred	18.9545808915287	0.3506821529493204	0.08774344090790133	0.4890704316638952
section924x624.png	restore_tv_cp	19.62752323900895	0.4360789761072213	0.0929877338745422	0.44721319930379677
section924x624.png	restore_tv_cg	23.11741263166844	0.5678605459099099	0.12741864867247296	0.22636330253036765
cytoplasm924x624.png	blurry	28.17450118748522	0.8141777492210729	0.18863217929679152	0.6609720935078873
cytoplasm924x624.png	noisy&blurred	19.390606127897478	0.23851530645719637	0.06715149884757256	0.30068522619651433
cytoplasm924x624.png	restore_tv_cp	19.845275001825627	0.30558575190734594	0.07091877020034269	0.3309183560986009
cytoplasm924x624.png	restore_tv_cg	22.595003760098717	0.41936849902579	0.09382387803373816	0.4190913523600481
bird1423x1422.png	blurry	19.895689855780546	0.7387945635764086	0.1997287850334336	0.1897178522697168
bird1423x1422.png	noisy&blurred	16.75385450950944	0.28990171846617613	0.08496487096668369	0.21253446367470674
bird1423x1422.png	restore_tv_cp	17.692098219891065	0.4222073743433813	0.09179327078177543	0.27958893856307887
bird1423x1422.png	restore_tv_cg	16.53199782507379	0.2817894224664898	0.07902565719749445	0.12932795905369207
vesicules924x924.png	blurry	23.904341078606922	0.8744165125116373	0.19896034241147234	0.4798720375885016
vesicules924x924.png	noisy&blurred	18.534123924898875	0.3232385793628336	0.08134801734454292	0.43227768771556874
vesicules924x924.png	restore_tv_cp	19.64186608190971	0.4143452459154366	0.08633365196721215	0.2990803720259018
vesicules924x924.png	restore_tv_cg	22.91730944454173	0.527790365275199	0.1228288206125289	0.48459795836888764
scafoldings1536x1024.png	blurry	17.581676969061302	0.5379121487657271	0.09231877603286055	0.15764300078260815
scafoldings1536x1024.png	noisy&blurred	15.42968475639029	0.29223716541430383	0.05327863185438142	0.11572509666807763
scafoldings1536x1024.png	restore_tv_cp	16.33993508215016	0.4317344983224637	0.06315014967685638	0.02570925856679263
scafoldings1536x1024.png	restore_tv_cg	16.91508167050536	0.4656778264719601	0.06895705762985611	0.03830493714650876
nucleidots924x624.png	blurry	23.329141280888557	0.7739192453116944	0.18486069851247905	0.28864771179752485
nucleidots924x624.png	noisy&blurred	18.31649747005245	0.29199836255681744	0.09326422429528078	0.03179851832148828
nucleidots924x624.png	restore_tv_cp	19.174273549596524	0.39168738142112836	0.09928466300772847	0.15526393835791727
nucleidots924x624.png	restore_tv_cg	21.945331084377315	0.4599214854916969	0.13757523670538158	0.23758897352244152
mitochondria1024x1024.png	blurry	21.904491044321198	0.8325683047941415	0.1259936697472811	0.3435509849602474
mitochondria1024x1024.png	noisy&blurred	17.882666100015967	0.3541643258850046	0.050461542285667564	0.061752586683041163
mitochondria1024x1024.png	restore_tv_cp	19.18338676889728	0.5165935903361027	0.05581683118595536	0.37613610828379457
mitochondria1024x1024.png	restore_tv_cg	21.293089328822926	0.6243119581459842	0.07526145584982814	0.2319804882935194
characters875x1355.png	blurry	16.633142876344277	0.7521918401712894	0.129916663580363	0.30285100619757876
characters875x1355.png	noisy&blurred	15.05969155475453	0.16579153662879448	0.07055076856705929	0.1472122506231981
characters875x1355.png	restore_tv_cp	16.959873566431753	0.2603441473776066	0.0761723372887891	0.2899888111378272
characters875x1355.png	restore_tv_cg	17.091101177901987	0.2515198899459828	0.08242875164493503	0.25615177013708257
nuclei924x624.png	blurry	25.689724793015543	0.7812243317701659	0.17686360005215285	0.6333331257955804
nuclei924x624.png	noisy&blurred	18.65951216046571	0.3158309000604381	0.07582545326710376	0.5977209297624926
nuclei924x624.png	restore_tv_cp	19.18605622911404	0.41443794898458614	0.08280552031367464	0.016805810805516047
nuclei924x624.png	restore_tv_cg	23.316849809081482	0.6096421322161231	0.12717758211199054	0.5477808515338874
extensions924x624.png	blurry	29.76083835395127	0.9034358574989467	0.22624315949412996	0.38512899446097626
extensions924x624.png	noisy&blurred	19.52278257810335	0.3022474455584824	0.07287301552091043	0.04649974403513591
extensions924x624.png	restore_tv_cp	20.03202837456569	0.38830633887161786	0.07849979325011114	0.29973302714465516
extensions924x624.png	restore_tv_cg	24.081471159190052	0.544248862945619	0.1195745313678097	0.3947081155889183
membrane924x924.png	blurry	22.988832549403085	0.8448763305043625	0.14163832376860389	0.28992184533526955
membrane924x924.png	noisy&blurred	18.1169758011761	0.3373051298095764	0.042542333298380884	0.027782659073035714
membrane924x924.png	restore_tv_cp	19.115209856542094	0.4474896034453436	0.047482769175566375	0.2575264963741465
membrane924x924.png	restore_tv_cg	21.776358736199622	0.5927881948349505	0.06964908766517058	0.07679965533199724
fishembryo700x700.png	blurry	29.989314926215997	0.9618785314838334	0.256069778039526	0.6362588910862298
fishembryo700x700.png	noisy&blurred	19.740026572270214	0.3671650008620804	0.0651874330605782	0.5610505596125361
fishembryo700x700.png	restore_tv_cp	20.376625354272907	0.4756479772460635	0.06585445800117037	0.20723010872004896
fishembryo700x700.png	restore_tv_cg	21.580962326556858	0.44157311189546233	0.07788018637683321	0.5199183596135881
map2592x1728.png	blurry	20.839880608634218	0.7269837352163178	0.12990168584518846	0.7344627062576168
map2592x1728.png	noisy&blurred	17.047743187189276	0.3956511018304521	0.06293231009267301	0.025074234214254563
map2592x1728.png	restore_tv_cp	17.923144365496558	0.5166461348914698	0.07446749946513606	0.05830826004119196
map2592x1728.png	restore_tv_cg	14.657431540543385	0.3394895533256974	0.04516255636557414	0.0009684848248629394
usaf768x812.png	blurry	18.230550965270904	0.7902174048674899	0.2400240023498411	0.41459846490621927
usaf768x812.png	noisy&blurred	16.097264374576778	0.2215565814019222	0.13257769621579382	0.10280797486687804
usaf768x812.png	restore_tv_cp	18.46586404174267	0.31641831722702257	0.13273461782333124	0.5198968228674782
usaf768x812.png	restore_tv_cg	18.96704245836163	0.32558435087363297	0.15117251980188118	0.2527722248509882
newyork1024x1024.png	blurry	17.81371837861765	0.5499935718661424	0.09861241278820562	0.23512280235041133
newyork1024x1024.png	noisy&blurred	15.598981832608718	0.23912063800671363	0.044075204291268565	0.0640088661731265
newyork1024x1024.png	restore_tv_cp	16.256199851585848	0.3523611794409137	0.05087706068123852	0.20644927349951112
newyork1024x1024.png	restore_tv_cg	15.23148386196564	0.2179777139407935	0.03807995413272569	0.009312495282557951
drosophilaslice532x1352.png	blurry	29.73213929428227	0.944411116053228	0.30235279047559876	0.6172463847921836
drosophilaslice532x1352.png	noisy&blurred	19.502425792412325	0.24394888227153125	0.09358110299675597	0.010539681239424711
drosophilaslice532x1352.png	restore_tv_cp	19.98158256527736	0.3111009388933785	0.09619692679963658	0.3009810652144635
drosophilaslice532x1352.png	restore_tv_cg	22.76027836156394	0.41747086441123465	0.12408861694198366	0.16386363082878927
cells1024x1024.png	blurry	26.26753742104709	0.6949389525770943	0.21502569534436233	0.6965349852813536
cells1024x1024.png	noisy&blurred	18.710680532385133	0.26970198333055334	0.0973107078266152	0.37251426991938763
cells1024x1024.png	restore_tv_cp	19.04116299235262	0.32856490355637713	0.10131869157803713	0.5686532295038527
cells1024x1024.png	restore_tv_cg	21.65607049377218	0.43583191239198	0.1326072467216673	0.4572170498913386
fibsem1910x1910.png	blurry	18.533512838154415	0.5817976176399607	0.09369914334036468	0.10809970295681177
fibsem1910x1910.png	noisy&blurred	15.933996185978854	0.38649866041260644	0.054533065787838925	0.12869630490252695
fibsem1910x1910.png	restore_tv_cp	16.96720979148497	0.5341172116299744	0.06822316378627459	0.030212887136110304
fibsem1910x1910.png	restore_tv_cg	18.096072055449564	0.5870373768803053	0.07903074571998264	0.15105908467168147
andromeda1024x1024.png	blurry	21.557187811558514	0.7018742676872686	0.15984025434469346	0.056373592614636696
andromeda1024x1024.png	noisy&blurred	17.620930864711852	0.25168408357197014	0.04578800463923885	0.030558327869027308
andromeda1024x1024.png	restore_tv_cp	18.394906706484385	0.36651841535284746	0.04984812020327893	0.018688996951434198
andromeda1024x1024.png	restore_tv_cg	14.236101520985052	0.1489004465313191	0.023722741494058834	0.06395487821173383
roofs2136x1424.png	blurry	20.014012946263033	0.6895107387608045	0.12925265533781058	0.19362375863178194
roofs2136x1424.png	noisy&blurred	16.722632390001678	0.32783218620798743	0.06719546564001402	0.024121278927267082
roofs2136x1424.png	restore_tv_cp	17.63513892498565	0.4546995793895393	0.07733869871343053	0.06976529251325805
roofs2136x1424.png	restore_tv_cg	16.69753057289895	0.37312186286310667	0.06649067301835158	0.01230381284003983
tubules1024x1024.png	blurry	24.802835784797917	0.7434323382723158	0.12136525157827005	0.13966836262520235
tubules1024x1024.png	noisy&blurred	18.597305139168213	0.297021086380674	0.043186455758519496	0.009129617247100166
tubules1024x1024.png	restore_tv_cp	19.241157318039136	0.4195659116166659	0.04840568209697266	0.12313422366419777
tubules1024x1024.png	restore_tv_cg	19.746668743544923	0.40870000199355044	0.04824839820632701	0.032248580693985916
neurons768x768.png	blurry	23.862315352694168	0.7522722638205364	0.1371058997315807	0.2849721105019405
neurons768x768.png	noisy&blurred	18.70495206107004	0.22550695113914876	0.018947069684966816	0.09529489781573919
neurons768x768.png	restore_tv_cp	19.545984447772874	0.3272512898282556	0.02327300129397088	0.15482595390954892
neurons768x768.png	restore_tv_cg	11.172191391896751	0.0668677367638313	0.009459565561931655	0.008785121090708276
